{"cameraMode":{"drawMode":0,"name":"Shaded","section":"Shading Mode"},"sceneLighting":false,"audioPlay":false,"sceneViewState":{"m_AlwaysRefresh":false,"showFog":true,"showSkybox":true,"showFlares":true,"showImageEffects":true,"showParticleSystems":true,"showVisualEffectGraphs":true,"m_FxEnabled":true},"in2DMode":false,"pivot":{"x":0.19198623299598695,"y":0.3432488739490509,"z":-0.24996057152748109},"rotation":{"x":-0.07878661155700684,"y":0.8043058514595032,"z":-0.10949937999248505,"w":-0.578704833984375},"size":1.6117788553237916,"orthographic":false}